id;fecha;registrada;estado;investigacion;riesgo;titulo;matricula
O17411-26;30/07/2026 08:00;30/07/2026;O;;;AVA- AXLES CONTACTING CARGO BAY CEILING AT ARRIVAL;N942AV
O17410-26;30/07/2026 07:49;30/07/2026;O;;;AVA- CONVEYOR LOADING WITHOUT SIGNALER SUPPORT;N763AV
O17408-26;30/07/2026 06:25;30/07/2026;O;;;AVA- GROUND EQUIPMENT OPERATOR OMITTED 360 DEGREE CHECK;HK-5395
O17401-26;30/07/2026 04:20;30/07/2026;O;;;AVA- FUEL LOAD DISCREPANCY DURING REFUELING;N426AV
O17400-26;30/07/2026 02:28;30/07/2026;O;;;AVA- POWER BANK DETECTED DURING HBS BAGGAGE INSPECTION;N664AV
O17393-26;30/07/2026 01:50;30/07/2026;O;;;AVA- POTENTIAL PASSENGER CROSSING BETWEEN ADJACENT AIRCRAFT POSITIONS;
O17391-26;29/07/2026 21:26;30/07/2026;O;;;AVA- FUEL LEAK DURING REFUELING DUE TO HOSE NOZZLE WEAR;N951AV
O17385-26;29/07/2026 17:39;30/07/2026;O;;;AVA- CARGO NET ISSUE IN BAGGAGE COMPARTMENT;N557AV
O17384-26;29/07/2026 17:30;30/07/2026;O;;;AVA- MISSED OFFLOAD OF CARGO DURING FLIGHT TRANSIT;N958AV
O17383-26;29/07/2026 17:20;30/07/2026;O;;;AVR- UNEXPECTED BAGGAGE FOUND DURING UNLOADING;N958AV
O17379-26;29/07/2026 15:51;30/07/2026;O;;;AVA- CARGO LOADED ABOVE SAFETY LINE IN FORWARD HOLD;N931AV
O17378-26;29/07/2026 15:00;30/07/2026;O;;Acceptable (4);LRC- INCORRECT PASSENGER BOARDING STATUS AFTER DEPARTURE AT ORD;N903AV
O17375-26;29/07/2026 13:27;30/07/2026;O;;;AVA- AIRCRAFT FUELED ABOVE FOD LIMIT;N345AV
O17374-26;29/07/2026 12:55;30/07/2026;O;;;AVA- JET BRIDGE IMPROPER DISTANCE DURING BOARDING;N743AV
O17373-26;29/07/2026 12:30;30/07/2026;O;;;AVA- POTENTIAL CARGO NET ISSUE IN REAR BIN 4;
O17371-26;29/07/2026 12:00;30/07/2026;O;;;AVA- LOOSE CARGO NET IN BIN 1;N426AV
O17368-26;29/07/2026 12:00;30/07/2026;O;;;AVA- GROUND EQUIPMENT OBSTRUCTION DURING AIRCRAFT PARKING;N943AV
O17363-26;29/07/2026 10:44;30/07/2026;O;;;AVA- RC KIT COMFORT NOT REPORTED IN FM SYSTEM;HK-5425
O17361-26;29/07/2026 10:35;30/07/2026;O;;;AVA- BAGGAGE HEIGHT LIMIT EXCEEDED BIN4;HK-5425
O17359-26;29/07/2026 10:10;30/07/2026;O;;;AVA- DANGEROUS GOODS DETECTED IN CHECKED BAGGAGE;HC-CRU
O17306-26;29/07/2026 07:20;29/07/2026;O;;;AVA- CARGO HEIGHT LIMIT EXCEEDED DURING LOADING;HK-5318
O17352-26;29/07/2026 07:15;30/07/2026;O;;;GLG- POTENTIAL CARGO NET IMPACT ON AIRCRAFT FUSELAGE;HC-CTX
O17302-26;29/07/2026 07:07;29/07/2026;O;;;AVA- POWER BANK DETECTED IN CHECKED BAGGAGE PREVENTING LOADING;
O17351-26;29/07/2026 07:05;30/07/2026;O;;;AVA- PORTABLE BATTERY TRANSPORTED IN CHECKED BAGGAGE PRECAUTIONARY REMOVAL;N800AV
O17349-26;29/07/2026 07:00;30/07/2026;O;;;AVA- PORTABLE BATTERY FOUND IN CHECKED BAG DURING PARKING;N800AV
O17307-26;29/07/2026 06:26;29/07/2026;O;;;AVR- MISSING CARGO BAY COVER AT ARRIVAL;
O17305-26;29/07/2026 05:51;29/07/2026;O;;;AVA- FUEL QUANTITY DISCREPANCY DURING REFUELING;N345AV
O17348-26;29/07/2026 05:50;30/07/2026;O;LS;Acceptable (4);AVA- BIRD STRIKE NO DAMAGE AT CTG;N957AV
O17292-26;29/07/2026 02:33;29/07/2026;O;;;AVA- BAGGAGE OVERFLOW IN FORWARD CARGO COMPARTMENT;N799AV
O17291-26;29/07/2026 02:33;29/07/2026;O;;;AVA- REFLECTED IMAGE ON FRONT CARGO DOOR LOCK;N799AV
O17344-26;29/07/2026 01:11;30/07/2026;O;;;AVA- POWER BANK DETECTION DURING HBS BAGGAGE INSPECTION;
O17298-26;29/07/2026 00:57;29/07/2026;O;;;TPA- ULD STRUCTURAL DAMAGE DURING RAMP TRANSFER;N336QT
O17290-26;29/07/2026 00:39;29/07/2026;O;;;AVA- UNREQUESTED FUEL LOADING DISCREPANCY;HK-5421
O17343-26;29/07/2026 00:31;30/07/2026;O;;;AVA- POWER BANK DETECTION DURING BAGGAGE INSPECTION HBS SYSTEM;N599AV
O17279-26;28/07/2026 20:46;29/07/2026;O;;;AVA- GROUND EQUIPMENT LACKING SAFETY LOCKS NEAR AIRCRAFT;N800AV
O17267-26;28/07/2026 17:42;29/07/2026;O;;;AVA- OPERATOR ON CONVEYOR WITH SIDE RAIL DOWN;N956AV
O17261-26;28/07/2026 17:00;29/07/2026;O;;;AVA- LOOSE CARGO NETS IN CARGO COMPARTMENTS DURING UNLOADING;N728AV
O17250-26;28/07/2026 14:07;28/07/2026;O;;;RC - CONVEYOR CON EXTINTOR DESCARGADO;N411AE
O17248-26;28/07/2026 13:45;28/07/2026;O;;;AVA- LOOSE CARGO NET AND FASTENER IN CARGO COMPARTMENT;N477AV
O17266-26;28/07/2026 13:00;29/07/2026;O;;;AVA- BAGGAGE DISCREPANCY DUE TO SYSTEM CANCELLATION AND PHYSICAL BOARDING;N726AV
O17299-26;28/07/2026 12:00;29/07/2026;P;FI;Tolerable (100);AVA- FUSELAGE DAMAGE FOUND DURING POSTFLIGHT INSPECTION AT CLO;N967AV
O17243-26;28/07/2026 10:21;28/07/2026;O;;;AVR- BAGGAGE DAMAGE DUE TO OPEN CARGO CURTAIN;
O17241-26;28/07/2026 09:30;28/07/2026;O;;;AVA- EXHAUSTED FIRE EXTINGUISHER FOUND DURING BAGGAGE UNLOADING;N230AC
O17240-26;28/07/2026 09:15;28/07/2026;O;;;AVA- FUEL QUANTITY ENTRY ERROR DURING REFUELING;N253AC
O17218-26;28/07/2026 08:40;28/07/2026;O;;;AVA- FUEL OVERLOAD DUE TO PANEL DEPRESSURIZATION;N536AV
O17216-26;28/07/2026 07:55;28/07/2026;O;LS;Acceptable (4);AVA- BIRD STRIKE NO DAMAGE AT BGA;HK-5393
O17332-26;28/07/2026 07:00;30/07/2026;O;;;AVA- [DG] WHEELCHAIR BATTERY LOADING WITHOUT INSPECTION DURING CRUISE;N931AV
O17214-26;28/07/2026 06:51;28/07/2026;O;;;AVA- INCORRECT ULD LOADING WITH TRANSIT CARGO;N794AV
O17309-26;28/07/2026 06:32;29/07/2026;O;;;AVA- POWER BANK DETECTED DURING HBS BAGGAGE INSPECTION;N965AV
O17270-26;28/07/2026 04:00;29/07/2026;O;;Acceptable (4);LRC- LOADSHEET ERROR DUE TO INCORRECT LIVE ANIMAL WEIGHT UNITS AT ORD;N966AV
O17211-26;28/07/2026 00:23;28/07/2026;O;;;AVA- UNREPORTED KITCOMFORT IN FM MOBILE SYSTEM;N345AV
O17328-26;28/07/2026 00:10;30/07/2026;O;;;AVA- FUELING WITH PASSENGER BOARDING SAFETY DEVIATIONS;N943AV
O17210-26;27/07/2026 21:54;28/07/2026;O;;;AVA- DISCHARGED FIRE EXTINGUISHER ON CONVEYOR BELT;HK-5406
O17209-26;27/07/2026 21:00;28/07/2026;O;;;AVA- DISCHARGED FIRE EXTINGUISHER FOUND DURING CARGO INSPECTION;N763AV
O17207-26;27/07/2026 20:09;28/07/2026;O;LS;Acceptable (4);TAI- BIRD STRIKE NO DAMAGE AT SAL;N779AV
O17205-26;27/07/2026 20:00;28/07/2026;O;;;AVA- LOOSE CARGO NET SUPPORT POST IN REAR BIN;N567AV
O17202-26;27/07/2026 17:42;28/07/2026;O;;;AVA- MISSING PROTECTIVE RUBBER ON CONVEYOR EQUIPMENT;HK-5409
O17199-26;27/07/2026 16:39;28/07/2026;O;LS;Acceptable (1);AVA- WRONG GRN PROCEDURE FM MOBILE SIGN IN RAMP AT BOG;N945AV
O17198-26;27/07/2026 16:30;28/07/2026;O;;;TPA- PALLET FALL DURING AIRCRAFT FUSELAGE UNLOADING;N334QT
O17153-26;27/07/2026 16:28;27/07/2026;O;;;AVA- POTENTIAL GROUND EQUIPMENT DAMAGE DUE TO POOR PARKING AREA CONDITION;N562AV
O17197-26;27/07/2026 16:26;28/07/2026;O;;;AVA- REMOVAL OF POWER BANK FROM BAGGAGE DURING HANDLING;HK-5389
O17151-26;27/07/2026 16:03;27/07/2026;O;;;AVA- FUEL QUANTITY DISCREPANCY DUE TO METER INACCURACY;N562AV
O17150-26;27/07/2026 14:25;27/07/2026;O;;;AVA- DISCHARGED FIRE EXTINGUISHER ON CONVEYOR EQUIPMENT;N562AV
O17149-26;27/07/2026 14:21;27/07/2026;O;;;AVA- POTENTIAL HAZARD DURING BAGGAGE BELT OPERATION;N961AV
O17193-26;27/07/2026 14:16;28/07/2026;O;;;AVA- LOAD DISCREPANCY DURING CARGO LOADING;N903AV
O17234-26;27/07/2026 14:00;28/07/2026;O;;;AVA- LOOSE METAL WORK IN FORWARD CARGO COMPARTMENT;N762AV
O17148-26;27/07/2026 12:43;27/07/2026;O;;;AVA- POSSIBLE JET BRIDGE CONTACT WITH AIRCRAFT DOOR;N567AV
O17147-26;27/07/2026 12:41;27/07/2026;O;;;AVA- JET BRIDGE GAP BELOW REQUIRED DISTANCE;N946AV
O17189-26;27/07/2026 12:00;28/07/2026;O;;;AVA- CONVEYOR OPERATION WITHOUT SIGNAL PERSONNEL;N743AV
O17146-26;27/07/2026 12:00;27/07/2026;O;;;TAI- CARGO NET ISSUE DURING BAGGAGE UNLOADING;
O17143-26;27/07/2026 11:33;27/07/2026;O;;;AVA- LOOSE CARGO NETTING IN BULK COMPARTMENT;N411AE
O17141-26;27/07/2026 11:23;27/07/2026;O;;;AVA- LOOSE CARGO DOOR MESH PINS PRESSURING;N411AE
O17140-26;27/07/2026 11:23;27/07/2026;O;;;AVA- RC KIT COMFORT NOT REPORTED IN FM SYSTEM;N411AE
O17139-26;27/07/2026 11:20;27/07/2026;O;;;AVA- BAGGAGE EXCEEDING HEIGHT LIMIT IN CARGO BAY 4;N411AE
O17322-26;27/07/2026 09:13;30/07/2026;O;;;GLG- UNAUTHORIZED BATTERY CARGO DETECTION DURING LOAD RECEIPT;
O17134-26;27/07/2026 08:02;27/07/2026;O;LS;Acceptable (4);AVR- BIRD STRIKE NO DAMAGE AT BOG;N284AV
O17144-26;27/07/2026 07:44;27/07/2026;O;LS;Acceptable (4);GLG- BIRD STRIKE NO DAMAGE AT MEC;HC-CRU
O17133-26;27/07/2026 06:19;27/07/2026;O;;;AVA- GROUND EQUIPMENT FIRE EXTINGUISHER DISCHARGED;
O17129-26;27/07/2026 05:30;27/07/2026;O;;;AVA- FLASHLIGHT DROPPED INTO CARGO LOCK GAP DURING INSPECTION;N800AV
O17128-26;27/07/2026 04:15;27/07/2026;O;;;AVA- FUEL QUANTITY DISCREPANCY DURING REFUELING;N345AV
O17183-26;27/07/2026 02:03;28/07/2026;O;;;AVA- POWER BANK DETECTED DURING HBS BAGGAGE INSPECTION;N230AC
O17122-26;26/07/2026 21:50;27/07/2026;O;;;AVA- MISSING WHEEL CHOCKS AT AIRCRAFT ARRIVAL;N961AV
O17121-26;26/07/2026 21:27;27/07/2026;O;;;TPA- UNSECURED CARGO PALLET IN ABL POSITION;
O17116-26;26/07/2026 18:36;27/07/2026;O;LS;Acceptable (4);AVA- BIRD STRIKE NO DAMAGE AT BAQ;N741AV
O17180-26;26/07/2026 17:58;28/07/2026;O;;;AVR- BAGGAGE MISSED OFFLOAD ON FLIGHT AV4827;
O17179-26;26/07/2026 17:58;28/07/2026;O;;;AVR- MISSED BAGGAGE OFFLOAD RESULTING IN REROUTED BAGGAGE;
O17115-26;26/07/2026 17:55;27/07/2026;O;;;AVA- UNDECLARED BAGGAGE FOUND IN CARGO COMPARTMENT;HC-CRU
O17111-26;26/07/2026 16:30;27/07/2026;O;;;Golpe en aeronave por camion de catering.;N902AV
O17110-26;26/07/2026 16:26;27/07/2026;O;;;OMA- SMOKE EMISSION FROM GROUND SUPPORT VEHICLE DURING LOADING;N919AV
O17320-26;26/07/2026 16:09;30/07/2026;O;;;GLG- BAGGAGE TAGGING DISCREPANCY WITH LIVE ANIMALS;N919AV
O17104-26;26/07/2026 14:27;27/07/2026;O;;;AVA- BAGGAGE FALL FROM CONVEYOR RETURNED BY GROUND VEHICLE;HK-5410
O17103-26;26/07/2026 14:13;27/07/2026;O;;;AVA- LOOSE KOB WHEEL POTENTIALLY DAMAGING AIRCRAFT PANELS;HK-5410
O17096-26;26/07/2026 12:00;27/07/2026;O;;;AVA- GROUND EQUIPMENT MALFUNCTION DURING REFUELING;
O17094-26;26/07/2026 11:50;27/07/2026;O;;;AVA- FUELING INTERRUPTION DUE TO VALVE CLOSURE;N741AV
O17091-26;26/07/2026 11:00;27/07/2026;O;;;AVA- BAGGAGE BELT MALFUNCTION DURING ARRIVAL BAGGAGE HANDLING;HC-CSF
O17089-26;26/07/2026 10:50;27/07/2026;O;;;AVA- POTENTIAL BAGGAGE DAMAGE DUE TO WORN BELT WITH EXPOSED PROTECTORS;HC-CSF
O17087-26;26/07/2026 10:41;27/07/2026;O;;;AVA- ELECTRONIC CIGARETTE REMOVAL DURING BAGGAGE INSPECTION;N764AV
O17085-26;26/07/2026 10:30;27/07/2026;O;;;AVA- UNREPORTED RC KIT AND LOOSE BULKHEAD MESH;N958AV
O17084-26;26/07/2026 10:30;27/07/2026;O;;;AVA- FUEL LEAK DURING REFUELING DUE TO LOOSE SCREWS;N951AV
O17083-26;26/07/2026 10:18;27/07/2026;O;;;AVA- REMOVAL OF PORTABLE BATTERY DURING SECURITY INSPECTION;
O17095-26;26/07/2026 09:43;27/07/2026;O;LS;Acceptable (4);AVA- BIRD STRIKE NO DAMAGE AT BOG;HK-5360
O17078-26;26/07/2026 09:15;27/07/2026;O;;;AVA- FUEL LOAD SHORTAGE DURING REFUELING;N961AV
O17075-26;26/07/2026 08:46;27/07/2026;O;;;GLG- CREDIT CARD FOUND IN CARGO DURING RECEIVING;N776AV
O17072-26;26/07/2026 08:33;27/07/2026;O;;;AVA- OPEN CARGO BOXES WITH SPILLED CONTENT DURING UNLOADING;N726AV
O17064-26;26/07/2026 06:49;27/07/2026;O;LS;Acceptable (4);AVA- BIRD STRIKE NO DAMAGE AT CDG;N786AV
O17060-26;26/07/2026 05:28;27/07/2026;O;;;AVA- FUEL LOAD DISCREPANCY AT PARKING POSITION;N284AV
O17059-26;26/07/2026 04:40;27/07/2026;O;;;AVA- FUEL LOAD DISCREPANCY AT POSITIONING;N253AC
O17056-26;26/07/2026 01:09;27/07/2026;O;;;AVA- POWER BANK DETECTED IN BAGGAGE SCREENING LEVEL 4;N960AV
O17055-26;26/07/2026 01:00;27/07/2026;O;;;COA- CARGO LOADER PLATFORM MALFUNCTION DURING LOADING;
O17054-26;25/07/2026 23:00;27/07/2026;O;;;TPA- PALLET FALL DURING REAR CARGO UNLOADING;N332QT
O17053-26;25/07/2026 22:58;27/07/2026;O;;;TPA- POTENTIAL DAMAGE TO ULD DURING RAMP HANDLING;N332QT
O17052-26;25/07/2026 21:00;27/07/2026;O;;;AVA- POTENTIAL UNSTABLE PASSENGER BOARDING STAIRS CARTAGENA;N398AV
O17051-26;25/07/2026 20:16;27/07/2026;O;;;AVA- LOOSE CARGO NET PIN IN BIN DURING UNLOADING;N743AV
O17048-26;25/07/2026 18:36;27/07/2026;O;;;TPA- HYDRAULIC FLUID LEAK FROM GROUND LOADER;N334QT
O17047-26;25/07/2026 18:27;27/07/2026;O;;;TPA- INCORRECT CARGO NET SECURING DURING LOADING;N334QT
O17046-26;25/07/2026 18:15;27/07/2026;O;;;TPA- UNREPORTED COMAT IN CARGO COMPARTMENT DURING FLIGHT ARRIVAL;N946AV
O17045-26;25/07/2026 18:15;27/07/2026;O;;;comat no reportado por sistema;N946AV
O17041-26;25/07/2026 17:00;27/07/2026;O;;;TPA- UNSECURED GROUND VEHICLE MOVEMENT DURING LOADING;N334QT
O17040-26;25/07/2026 17:00;27/07/2026;O;;;AVA- DISCHARGED FIRE EXTINGUISHER ON CONVEYOR;N206FR
O17036-26;25/07/2026 16:00;27/07/2026;O;;;AVA- RUNWAY AND TAXIWAY SURFACE DETERIORATION;HK-5425
O17035-26;25/07/2026 16:00;27/07/2026;O;;;TPA- GROUND EQUIPMENT IMPACT DURING CARGO TRANSFER;N334QT
O17032-26;25/07/2026 15:19;27/07/2026;O;;;AVA- WINGTIP PUSHBACK GUIDANCE LIGHTS MISSING;HK-5366
O17031-26;25/07/2026 15:15;27/07/2026;O;;;AVA- UNAUTHORIZED CARGO COMPARTMENT ACCESS DURING LOADING;
O17028-26;25/07/2026 14:28;27/07/2026;O;;;AVA- UNSECURED WHEEL NOT MANIFESTED ON ARRIVAL;HK-5366
O17027-26;25/07/2026 14:14;27/07/2026;O;;;AVA- BAGGAGE DISCREPANCY IN CARGO COMPARTMENT;N411AE
O17024-26;25/07/2026 13:08;27/07/2026;O;;;AVA- FUEL QUANTITY DISCREPANCY AFTER REFUELING;N446AV
O17021-26;25/07/2026 12:00;27/07/2026;O;;;AVA- FUEL QUANTITY DISCREPANCY DURING REFUELING VERIFICATION;N599AV
O17019-26;25/07/2026 12:00;27/07/2026;O;;;AVA- MANUAL RX OPERATION WITH CANINE INSPECTION POTENTIAL RISK;
O17017-26;25/07/2026 11:50;27/07/2026;O;LS;Acceptable (4);AVA- BIRD STRIKE NO DAMAGE AT BOG;N477AV
O17016-26;25/07/2026 11:38;27/07/2026;O;;;AVA- BAGGAGE DROPPED DURING UNATTENDED LOADING AND UNLOADING;N726AV
O17014-26;25/07/2026 10:50;27/07/2026;O;;;AVA- MISSING WHEEL CHOCKS DURING AIRCRAFT TAXI;N945AV
O17172-26;25/07/2026 10:00;28/07/2026;O;;;AVA- GROUND PERSONNEL MOVEMENT UNDER AIRCRAFT FUSELAGE DURING TAXI;
O17012-26;25/07/2026 10:00;27/07/2026;O;;;GLG- UNSECURED DANGEROUS GOODS CARGO DURING LOADING;N967AV
O17011-26;25/07/2026 09:55;27/07/2026;O;;;AVA- PAYMOVER FAILURE DURING PUSHBACK AT STATION;N345AV
O17010-26;25/07/2026 09:26;27/07/2026;O;;;AVA- CONVEYOR LOADED WITHOUT FOD BAG DURING DEPARTURE;N741AV
O17008-26;25/07/2026 08:43;27/07/2026;O;;;AVA- FUEL OVERLOAD DURING REFUELING;N230AC
O17006-26;25/07/2026 08:00;27/07/2026;O;;;TAI- PROHIBITED MULTITOOL KNIVES DETECTED IN CARRYON BAGGAGE;
O17003-26;25/07/2026 07:33;27/07/2026;O;;;AVA- BAGGAGE OBSTRUCTING LIVE ANIMAL VENTILATION IN CARGO BAY;N284AV
O17002-26;25/07/2026 07:00;27/07/2026;O;;;AVA- PASSENGER WHEELCHAIR ASSISTANCE SERVICE OMISSION AT ARRIVAL;
O17000-26;25/07/2026 06:00;27/07/2026;O;;;AVA- INCOMPLETE CHOCKING DURING AIRCRAFT TAXI;N230AC
O16998-26;25/07/2026 05:44;27/07/2026;O;;;AVA- POTENTIAL RUNWAY SURFACE HAZARD DUE TO POTHOLE;N763AV
O16997-26;25/07/2026 05:35;27/07/2026;O;;;AVA- BAGGAGE EXCEEDING SIZE LIMITS WITH UNSECURED NETTING;N195AV
O16996-26;25/07/2026 05:09;27/07/2026;O;;;TPA- GROUND EQUIPMENT WITHIN AIRCRAFT PARKING SAFETY PERIMETER;N332QT
O16995-26;25/07/2026 03:48;27/07/2026;O;;;OMA- JET BRIDGE INOPERATIVE REQUIRING AIRCRAFT REPOSITIONING;N940AV
O16990-26;25/07/2026 00:32;27/07/2026;O;;;TPA- PALLET TAG OBSCURED REQUIRING DOLLY ACCESS;N337QT
O16988-26;25/07/2026 00:24;27/07/2026;O;;;AVA- POTENTIAL GROUND EQUIPMENT IMPACT DURING CONVEYOR BELT OPERATION;
O16983-26;24/07/2026 23:56;27/07/2026;O;;;AVA- UNSECURED CARGO STRAPS IN FORWARD HOLD;
O16982-26;24/07/2026 23:44;27/07/2026;O;;;AVA- FUELING WITH DOOR CLOSED AND PASSENGERS DISEMBARKING;
O17171-26;24/07/2026 22:51;28/07/2026;O;;;AVA- GROUND CREW DOOR OPENING WITHOUT SIGNAL;N536AV
O16977-26;24/07/2026 22:07;27/07/2026;O;;;AVA- FUEL LEAK DURING REFUELING OPERATION;N951AV
O16975-26;24/07/2026 21:05;27/07/2026;O;LS;Acceptable (4);AVA- BIRD STRIKE NO DAMAGE AT SMR;HK-5408
O16974-26;24/07/2026 20:50;27/07/2026;O;;Acceptable (4);AVA- AIRCRAFT DOOR OPENED AFTER WAIT INSTRUCTION;N536AV
O16972-26;24/07/2026 19:23;27/07/2026;O;;;AVA- GROUND EQUIPMENT OPERATOR OMITS AIRCRAFT WALKAROUND;HK-5424
O16971-26;24/07/2026 19:00;27/07/2026;O;LS;Acceptable (4);AVA- BIRD STRIKE NO DAMAGE AT CTG;HK-5335
O16969-26;24/07/2026 18:50;27/07/2026;O;;;AVA- POSSIBLE BAGGAGE DISCREPANCY WITH POWER BANK FOUND;HK5389
O16968-26;24/07/2026 18:50;27/07/2026;O;;;AVA- POSSIBLE BAGGAGE DISCREPANCY WITH POWER BANK FOUND;HK5389
O16967-26;24/07/2026 18:30;27/07/2026;O;;;AVA- POTENTIAL LOW CARGO BAY CLEARANCE ON ARRIVAL;N945AV
O16963-26;24/07/2026 17:53;27/07/2026;O;;;GLG- DAMAGED CARGO PACKAGING DURING UNLOADING;HC-CJW
O16962-26;24/07/2026 17:11;27/07/2026;O;;;RC mala programa de Tanqueo;N992AV
O16961-26;24/07/2026 16:45;27/07/2026;O;;;AVA- GROUND EQUIPMENT ENTRY WITHOUT GUIDANCE DURING CATERING;N726AV
O16960-26;24/07/2026 16:44;27/07/2026;O;;;AVA- FUEL PANEL LEFT INDICATOR LED MALFUNCTION;N919AV
O16984-26;24/07/2026 16:35;27/07/2026;O;;;AVA- BAGGAGE ARRIVED OPEN AT GRU;HK-5365
O16956-26;24/07/2026 15:50;27/07/2026;O;;;TAI- POTENTIAL GROUND EQUIPMENT OBSTRUCTION DURING JET BRIDGE DOCKING;N689TA
O16955-26;24/07/2026 15:44;27/07/2026;O;;;AVA- DISCHARGED FIRE EXTINGUISHER FOUND ON CONVEYOR TBL 78;N992AV
O16953-26;24/07/2026 15:01;27/07/2026;O;;;AVA- UNSECURED 45KG WHEEL DURING ARRIVAL;
O16952-26;24/07/2026 15:00;27/07/2026;O;;;AVA- INADEQUATE AIRFIELD LIGHTING AND GROUND SUPPORT SERVICES;N253AC
O17170-26;24/07/2026 14:08;28/07/2026;O;;;GLG- BAGGAGE DISCREPANCY DETECTED DURING SECURITY INSPECTION;HC-CTX
O16950-26;24/07/2026 13:57;27/07/2026;O;;;TPA- POTENTIAL CARGO PALLET DROP DURING GROUND HANDLING;
O16941-26;24/07/2026 12:00;27/07/2026;O;;;OMA- POTENTIAL BAGGAGE DISCREPANCY DUE TO PPBM PROCEDURE DEVIATION;N411AV
O16940-26;24/07/2026 12:00;27/07/2026;O;;;OMA- VHF RADIO DROPPED DURING PUSHBACK;N939AV
O16939-26;24/07/2026 12:00;27/07/2026;O;;;OMA- FUEL SUPPLY BLOCKAGE DUE TO FUEL PUMP FALLING;N951AV
O16937-26;24/07/2026 12:00;27/07/2026;O;;;AVA- ACCESS CODE FAILURE AT JET BRIDGE POSITION A07;
O16936-26;24/07/2026 11:31;27/07/2026;O;;;GLG- UNATTENDED GROUND EQUIPMENT WITHOUT CHOCKS NEAR AIRCRAFT;HC-CJV
O16868-26;24/07/2026 11:15;24/07/2026;O;;;AVA- FUEL LOAD DISCREPANCY DURING REFUELING;N957AV
O16867-26;24/07/2026 10:54;24/07/2026;O;;;AVA- LOAD DISCREPANCY DUE TO UNLISTED COMFORT KIT IN BIN FIVE;N426AV
O17169-26;24/07/2026 10:32;28/07/2026;O;;;GLG- DANGEROUS GOODS DETECTION DURING BAGGAGE INSPECTION;
O17168-26;24/07/2026 10:26;28/07/2026;O;;;GLG- BAGGAGE DISCREPANCY DETECTED DURING SECURITY INSPECTION;N919AV
O16864-26;24/07/2026 08:50;24/07/2026;O;;;AVA- OPEN CARGO CONTAINER WITH PRODUCTS OUTSIDE DURING UNLOADING;HK-5378
O17097-26;24/07/2026 08:45;27/07/2026;O;;;TAI- USED CIGARETTE BUTTS FOUND IN REAR CARGO COMPARTMENT;
O16607-26;24/07/2026 07:00;24/07/2026;O;LS;Acceptable (4);AVA- PAYMOVER OPERATING WITHOUT PRE-OPERATIONAL INSPECTION;N906AV
O16606-26;24/07/2026 07:00;24/07/2026;O;LS;Acceptable (4);AVA- EARLY REMOVAL OF AIRCRAFT SAFETY DEVICES;N963AV
O16862-26;24/07/2026 06:20;24/07/2026;O;;;AVA- FOD CAUSED BY PAVEMENT BUMP DURING AIRCRAFT 360;N422AV
O16861-26;24/07/2026 06:20;24/07/2026;O;;Acceptable (4);AVA- [DG] DANGEROUS GOODS INCORRECTLY LOADED;N743AV
O16927-26;24/07/2026 02:20;27/07/2026;O;;;AVA- POWER BANK DETECTED DURING HBS BAGGAGE INSPECTION;N599AV
O16926-26;24/07/2026 01:55;27/07/2026;O;;;AVA- DANGEROUS GOODS DETECTION DURING BAGGAGE SCREENING;N599AV
O16922-26;23/07/2026 23:43;27/07/2026;O;;;TPA- PALLET TAG PLACED IN INACCESSIBLE LOCATION;
O16858-26;23/07/2026 23:36;24/07/2026;O;;;TPA- ULD STACK COLLAPSE DURING PALLETIZATION;
O16921-26;23/07/2026 22:02;27/07/2026;O;LS;Acceptable (4);AVR- BIRD STRIKE NO DAMAGE AT BAQ;N281AV
O16854-26;23/07/2026 21:00;24/07/2026;O;;;TAI- JET BRIDGE LIMIT MESSAGE DUE TO PARKING MARK MISALIGNMENT;
O16851-26;23/07/2026 19:37;24/07/2026;O;LS;Acceptable (4);AVA- BIRD STRIKE NO DAMAGE AT SMR [1723980];N741AV
O16849-26;23/07/2026 19:00;24/07/2026;O;;;TPA- DETERIORATED CARGO LOADING PLATES DURING AIRCRAFT LOADING;N337QT
O16848-26;23/07/2026 19:00;24/07/2026;O;;;AVA- UNSECURED REAR CARGO NET DURING FLIGHT;N742AV
O16847-26;23/07/2026 19:00;24/07/2026;O;;;AVA- UNSECURED CARGO NET IN FLIGHT;N742AV
O16845-26;23/07/2026 16:57;24/07/2026;O;;;AVA- ELECTRONIC CIGARETTE DETECTED IN BAGGAGE SCREENING;HK-5367
O16844-26;23/07/2026 16:10;24/07/2026;O;;;Se tanquea aeronave con &#43,200KG de combustible;N416AV
O17162-26;23/07/2026 13:20;28/07/2026;O;;;AVA- FUELING STARTED WITHOUT CAPTAIN NOTIFICATION DURING BOARDING;N688TA
O16920-26;23/07/2026 12:30;27/07/2026;O;;;AVA- PASSENGER CONTROL DELAY DURING SATELLITE DISEMBARKATION;N906AV
O16917-26;23/07/2026 12:00;27/07/2026;O;;;AVA- UNAUTHORIZED PASSENGER ACCESS TO JET BRIDGE AREA;N741AV
O16915-26;23/07/2026 12:00;27/07/2026;O;;;falta de seguridad durante el abordaje;N862AV
O16839-26;23/07/2026 12:00;24/07/2026;O;;;AVA- PASSENGER DIFFICULTY DURING BOARDING AND DISEMBARKING;N599AV
O16836-26;23/07/2026 11:20;24/07/2026;O;;;AVA- DANGEROUS GOODS DETECTION DURING BAGGAGE INSPECTION;
O16591-26;23/07/2026 10:32;23/07/2026;O;LS;Acceptable (1);AVA- COMFORT KIT LOADSHEET DISCREPANCY;N755AV
O16832-26;23/07/2026 10:18;24/07/2026;P;AO;Tolerable (21);AVA- BIRD STRIKE DAMAGE AT MDE [1724511];N944AV
O16831-26;23/07/2026 09:53;24/07/2026;O;;;AVA- CARGO OVERHEIGHT IN REAR HOLD 32;HK-5320
O16830-26;23/07/2026 09:07;24/07/2026;O;;;GLG- CARGO PIECE FALLING DURING UNLOADING;HC-CTX
O16592-26;23/07/2026 07:49;23/07/2026;O;LS;Acceptable (1);AVA- WRONG PROCEDURE PAYMOVER WITHOUT 360 CHECK;N745AV
O16519-26;23/07/2026 07:15;23/07/2026;O;LS;Acceptable (1);AVA- NON COMPLIANCE PRIORITY BAGGAGE HANDLING PROCEDURE;HK-5352
O16828-26;23/07/2026 06:37;24/07/2026;O;;;AVA- FRONT CARGO DOOR LOCK IMPROPERLY SECURED;N919AV
O16523-26;23/07/2026 06:33;23/07/2026;O;LS;Acceptable (4);AVA- CARGO LOADED WITHOUT REQUIRED CEILING CLEARANCE;N955AV
O16487-26;23/07/2026 06:28;23/07/2026;O;LS;Acceptable (4);AVA- CONVEYOR OPERATING WITHOUT PRE-OPERATIONAL INSPECTION;N957AV
O16827-26;23/07/2026 05:50;24/07/2026;O;;;TPA- IMPROPER FORKLIFT OPERATION DURING CARGO RECEIPT;N335QT
O16476-26;23/07/2026 05:40;23/07/2026;O;LS;Acceptable (4);AVA- CONVEYOR OPERATING WITHOUT PRE-OPERATIONAL INSPECTION;N956AV
O17316-26;23/07/2026 05:38;30/07/2026;O;LS;Acceptable (4);AVA- BIRD STRIKE NO DAMAGE AT MDE;HK-5320
O16825-26;23/07/2026 00:32;24/07/2026;O;;;AVA- DANGEROUS GOODS DETECTION DURING BAGGAGE INSPECTION;HK-5407
O16824-26;22/07/2026 23:32;24/07/2026;O;;;AVA- BAGGAGE WEIGHT DISCREPANCY AT ARRIVAL;
O16297-26;22/07/2026 16:42;22/07/2026;O;LS;Acceptable (1);AVA- BAGGAGE COMPARTMENT NET UNSECURED;N741AV
O16416-26;22/07/2026 16:17;23/07/2026;O;LS;Acceptable (4);AVA- [DG] HIDDEN DANGEROUS GOODS DETECTED IN INSPECTION AT CUZ;N943AV
O17220-26;22/07/2026 14:52;28/07/2026;O;LS;Acceptable (4);AVA- BIRD STRIKE NO DAMAGE AT SCL;HK-5365
O16300-26;22/07/2026 14:24;22/07/2026;O;LS;Acceptable (1);AVA- BAGGAGE COMPARTMENT NET UNSECURED;HK-5367
O16302-26;22/07/2026 14:03;22/07/2026;O;LS;Acceptable (1);AVA- BAGGAGE COMPARTMENT NET UNSECURED;N230AC
O16305-26;22/07/2026 13:22;22/07/2026;O;;;AVA- FIRE EXTINGUISHER NOT REPLACED BEFORE FLIGHT;HK-5353
O16306-26;22/07/2026 12:50;22/07/2026;O;LS;Acceptable (1);AVA- LOOSE CARGO NET ON ARRIVAL;HK-5410
O16307-26;22/07/2026 12:39;22/07/2026;O;LS;Acceptable (4);AVA- CARGO LOADED WITHOUT REQUIRED CEILING CLEARANCE;N956AV
O16308-26;22/07/2026 12:34;22/07/2026;O;LS;Acceptable (4);AVA- BAGGAGE EXCEEDING MAXIMUM HEIGHT IN CARGO HOLD;N398AV
O16313-26;22/07/2026 12:00;22/07/2026;O;LS;Acceptable (4);GLG- INSUFFICIENT PEDESTRIAN DELIMITATION AND MARKINGS IN REMOTE STANDS;HC-CJW
O16317-26;22/07/2026 11:57;22/07/2026;O;LS;Acceptable (1);AVA- CGO ARRIVING IN POOR CONDITION;N557AV
O16908-26;22/07/2026 10:41;27/07/2026;O;;;GLG- BAGGAGE DISCREPANCY DETECTED DURING SECURITY INSPECTION;N776AV
O16322-26;22/07/2026 10:15;22/07/2026;O;LS;Acceptable (1);AVA- CGO ARRIVING IN POOR CONDITION;N477AV
O16325-26;22/07/2026 08:50;22/07/2026;O;LS;Acceptable (1);AVA- CGO ARRIVING IN POOR CONDITION;N284AV
O16326-26;22/07/2026 08:40;22/07/2026;O;LS;Acceptable (1);GLG- BAGGAGE COMPARTMENT NET UNSECURED;HC-CRU
O16327-26;22/07/2026 08:34;22/07/2026;O;LS;Acceptable (4);AVA- CONVEYOR OPERATING WITH A REJECTED CHECKLIST;N955AV
O16311-26;22/07/2026 07:49;22/07/2026;P;AO;Tolerable (20);AVA- BIRD STRIKE WITHIN LIMITS DAMAGE AT RCH [1723034];N745AV
O16330-26;22/07/2026 07:35;22/07/2026;O;LS;Acceptable (4);AVA- BIRD STRIKE AT BOG [PENDING DATA];N764AV
O16418-26;22/07/2026 07:30;23/07/2026;O;LS;Acceptable (4);GLG- LOAD PRIORITY DISCREPANCY DURING CARGO LOADING;HC-CTX
O16331-26;22/07/2026 06:57;22/07/2026;O;LS;Acceptable (4);AVR- PAVEMENT DEFICIENCY AT PARKING STAND AT BGA;N562AV
O16278-26;22/07/2026 06:50;22/07/2026;O;LS;Acceptable (4);AVA- JET WAY IMPROPER DOCKING;HK-5425
O17221-26;22/07/2026 05:36;28/07/2026;O;LS;Acceptable (4);AVA- BIRD STRIKE NO DAMAGE AT VLN;N745AV
O16332-26;22/07/2026 04:54;22/07/2026;O;LS;Acceptable (4);AVA- PAYMOVER OPERATING WITHOUT PRE-OPERATIONAL INSPECTION;N723AV
O16419-26;22/07/2026 01:38;23/07/2026;O;;;TPA- INCOMPLETE RAMP BRIEFING ATTENDANCE BEFORE AIRCRAFT ARRIVAL;
O16334-26;21/07/2026 23:37;22/07/2026;O;LS;Acceptable (1);AVA- BAGGAGE COMPARTMENT NET UNSECURED;HK-5368
O17313-26;21/07/2026 19:24;30/07/2026;O;;;GUG- BAGGAGE DISCREPANCY DETECTED DURING BOARDING COMPLETION;N689TA
O16421-26;21/07/2026 19:00;23/07/2026;O;;;SELLOS PORTACHALECOS;N422AV
O16339-26;21/07/2026 19:00;22/07/2026;O;;;TPA- RESTRICTED GSE USED BEFORE FLIGHT ARRIVAL;N342AV
O17212-26;21/07/2026 18:30;28/07/2026;O;;;GUG- UNDISCOVERED DANGEROUS GOODS IN AIRPORT SECURITY CHECK;
O16342-26;21/07/2026 17:20;22/07/2026;O;;;TPA- INSUFFICIENT GROUND EQUIPMENT FOR POSITIONING;N342AV
O16344-26;21/07/2026 16:36;22/07/2026;O;LS;Acceptable (4);AVA- JETBRIDGE PROTECTIVE RUBBER CONTACT WITH AIRCRAFT FUSELAGE;N477AV
O16348-26;21/07/2026 15:54;23/07/2026;O;LS;Acceptable (1);AVA- BAGGAGE COMPARTMENT NET UNSECURED;N748AV
O16349-26;21/07/2026 15:44;23/07/2026;O;;;AVA- GROUND PERSONNEL NO AIRCRAFT 360 WALKAROUND;N755AV
O16271-26;21/07/2026 14:00;21/07/2026;P;AO;Tolerable (20);AVA- MLG SANK INTO APRON ASPHALT DURING PUSHBACK AT CTG;N647AV
O16275-26;21/07/2026 12:20;22/07/2026;O;LS;Acceptable (1);AVA- AIRCRAFT WITH INCOMPLETE CHOCKING CONFIGURATION;N791AV
O16371-26;21/07/2026 12:00;23/07/2026;O;;;AVA- GROUND TRANSPORT VEHICLE SEATING AND AVAILABILITY ISSUE;
O16370-26;21/07/2026 12:00;23/07/2026;O;;;TAI- MISSED BAGGAGE OFFLOAD AT LAS STATION;N904AV
O16367-26;21/07/2026 12:00;23/07/2026;O;;;TNO- EXPIRED FIRE EXTINGUISHER FOUND;N338QT
O16366-26;21/07/2026 12:00;23/07/2026;O;;;TPA- IMPROPERLY INSTALLED SAFETY LOCK DURING GROUND HANDLING;N331QT
O16364-26;21/07/2026 12:00;23/07/2026;O;;;AVA- FUEL QUANTITY DISCREPANCY DURING REFUELING;N230AC
O16362-26;21/07/2026 12:00;23/07/2026;O;;;AVA- EXCESS FUEL LOADING DETECTED BEFORE FLIGHT;N230AC
O16374-26;21/07/2026 11:14;23/07/2026;O;;;AVA- X RAY MACHINE INOPERATIVE IN BAGGAGE YARD;
O16375-26;21/07/2026 11:12;23/07/2026;O;;;GLG- OPEN CARGO TRAILER ARRIVAL AT PIT;HC-CTX
O16376-26;21/07/2026 11:10;23/07/2026;O;;;AVA- GROUND EQUIPMENT OPERATOR OMITS AIRCRAFT 360 DEGREE CHECK;N741AV
O16819-26;21/07/2026 10:40;24/07/2026;O;;;GLG- DANGEROUS GOODS DETECTED IN X RAY BAGGAGE INSPECTION;
O16379-26;21/07/2026 10:33;23/07/2026;O;;;AVA- LOAD DISCREPANCY DUE TO UNEXPECTED COMFORT KIT IN BIN5;N345AV
O16711-26;21/07/2026 10:27;24/07/2026;O;;;GLG- DANGEROUS GOODS DETECTED IN BAGGAGE SCREENING;
O16381-26;21/07/2026 10:24;23/07/2026;O;;;AVA- UNDECLARED DANGEROUS GOODS DETECTED DURING SECURITY CHECK;HC-CJV
O16382-26;21/07/2026 10:18;23/07/2026;O;;;AVA- FUEL LOAD DISCREPANCY DURING REFUELING;HK-5393
O16383-26;21/07/2026 10:15;23/07/2026;O;;;AVR- LOOSE CARGO NET IN BAGGAGE COMPARTMENT AT ARRIVAL;N284AV
O16384-26;21/07/2026 10:06;23/07/2026;O;;;AVA- FUEL PANEL QUANTITY DISCREPANCY DURING REFUELING;N992AV
O16427-26;21/07/2026 10:00;23/07/2026;O;;;AVA- BAGGAGE DISCREPANCY DUE TO MISPLACED BAG TAG;
O16385-26;21/07/2026 09:57;23/07/2026;O;;;AVA- CATERING STAFF NOT USING WHEEL CHOCKS DURING OPERATION;HK-5408
O16709-26;21/07/2026 09:48;24/07/2026;O;;;AVA- ELECTRONIC CIGARETTE REMOVED FROM BAGGAGE DURING SECURITY INSPECTION;N943AV
O16396-26;21/07/2026 07:52;23/07/2026;P;AO;Tolerable (21);AVA- BIRD STRIKE DAMAGE AT CUC [PENDING DATA];N253AC
O16277-26;21/07/2026 07:40;22/07/2026;O;LS;Acceptable (2);AVA- DISCHARGED FIRE EXTINGUISHER;N958AV
O16245-26;21/07/2026 05:40;21/07/2026;O;LS;Acceptable (1);AVA- UNAUTHORIZED LEADER SIGNATURE USE;N723AV
O16246-26;21/07/2026 05:32;21/07/2026;O;LS;Acceptable (1);AVA- BAGGAGE COMPARTMENT NET UNSECURED;HK-5335
O16401-26;21/07/2026 05:15;23/07/2026;O;;;TPA- INSUFFICIENT GROUND HANDLING PERSONNEL DURING CARGO OPERATIONS;N332QT
O16247-26;21/07/2026 04:55;21/07/2026;O;LS;Acceptable (1);AVA- DAMAGED SAFETY CONES;N763AV
O16402-26;21/07/2026 04:27;23/07/2026;O;;Acceptable (4);LRC- JET BRIDGE A7 MALFUNCTION DELAYING BOARDING IN RAMP AT SJO;N938AV
O16248-26;21/07/2026 03:55;21/07/2026;O;LS;Acceptable (1);AVA- CARGO HOLD NET HANGING OUTSIDE AIRCRAFT;N931AV
O16403-26;21/07/2026 02:04;23/07/2026;O;;;AVA- POWER BANK DETECTED DURING HBS BAGGAGE INSPECTION;HK-5353
O16407-26;20/07/2026 23:55;23/07/2026;O;;;AVA- DELAYED MEDICAL ASSISTANCE AND GROUND HANDLING AT ALTERNATE AIRPORT;HK-5424
O16408-26;20/07/2026 23:32;23/07/2026;O;;;AVA- BAGGAGE DISCREPANCY DURING UNLOADING AT CLO;
O16704-26;20/07/2026 22:20;24/07/2026;O;;;AVA- LOOSE PIN ON NOSE GEAR TOWBAR DURING TAXI;N207FR
O16413-26;20/07/2026 20:56;23/07/2026;O;;;AVA- UNREPORTED BAGGAGE DISCREPANCY IN CARGO COMPARTMENT;N345AV
O16428-26;20/07/2026 20:30;23/07/2026;O;;;AVA- POTENTIAL GROUND EQUIPMENT IMPACT DURING PUSHBACK;N796AV
O16430-26;20/07/2026 19:41;23/07/2026;O;;;AVA- DAMAGED CARGO FOUND IN REAR HOLD AFTER FLIGHT;N931AV
O16440-26;20/07/2026 16:39;23/07/2026;O;;;AVA- GROUND EQUIPMENT CHECKLIST VERIFICATION DELAY BEFORE DEPARTURE;HK-5421
O16443-26;20/07/2026 16:14;23/07/2026;O;;;Omisión del procedimiento del 360 a la aeronave;HK5389
O16445-26;20/07/2026 16:00;23/07/2026;O;;;TAI- JET BRIDGE UNEXPECTED LOWERING DURING DISEMBARKATION;
O16447-26;20/07/2026 15:32;23/07/2026;O;;;AVA- DANGEROUS GOODS REMOVAL FROM PASSENGER BAGGAGE;HK-5378
O16448-26;20/07/2026 15:00;23/07/2026;O;;;AVA- POTENTIAL GROUND EQUIPMENT MISCONFIGURATION DURING CHOCK REMOVAL;N726AV
O16276-26;20/07/2026 14:45;22/07/2026;O;LS;Acceptable (1);AVA- BAGGAGE OVERLIMIT IN HOLD;HK-5378
O16450-26;20/07/2026 14:31;23/07/2026;O;;;AVA- REMOVAL OF PORTABLE BATTERIES DURING SECURITY INSPECTION;HK-5378
O16451-26;20/07/2026 14:25;23/07/2026;O;;;AVA- INCOMPLETE WHEEL CHOCKS DURING GROUND HANDLING;N766AV
O16452-26;20/07/2026 14:22;23/07/2026;O;;;AVA- AIRCRAFT REFUELING AFTER LANDING;N253AC
O16453-26;20/07/2026 14:21;23/07/2026;O;;;AVA- REMOVAL OF PORTABLE BATTERY FROM PASSENGER BAGGAGE FOR SECURITY INSPECTION;HK-5378
O16456-26;20/07/2026 13:25;23/07/2026;O;;;AVA- FUEL TRUCK REFUELING WITHOUT INTERPHONE SIGNAL DURING GROUND HANDLING;
O16460-26;20/07/2026 12:30;23/07/2026;O;;;GLG- GROUND EQUIPMENT IMPACT DURING CARGO UNLOADING;HC-CJV
O16703-26;20/07/2026 12:22;24/07/2026;O;;;TNO- DOOR OPENED BEFORE PASSENGER STAIRS COUPLING COMPLETION;
O16463-26;20/07/2026 12:00;23/07/2026;O;;;AVA- BAGGAGE DISCREPANCY CAUSED FLIGHT DELAY;
O16464-26;20/07/2026 10:30;23/07/2026;O;;;AVA- LOOSE CARGO NET DURING UNLOADING;
O16466-26;20/07/2026 09:48;23/07/2026;O;;;AVA- REMOVAL OF PORTABLE BATTERY FROM PASSENGER BAGGAGE FOR SECURITY INSPECTION;HK-5409
O16469-26;20/07/2026 08:45;23/07/2026;O;;;AVA- UNSECURED FRONT CARGO DOOR LOCK DURING ARRIVAL;HC-CSF
O16474-26;20/07/2026 07:50;23/07/2026;O;;;AVA- GROUND EQUIPMENT FAILURE DURING AIRCRAFT TOWING;N960AV
O16475-26;20/07/2026 07:45;23/07/2026;O;;;AVA- GROUND EQUIPMENT IMPACT RISK DURING PARKING MANEUVER;N957AV
O16478-26;20/07/2026 07:43;23/07/2026;O;;;AVA- DAMAGED SAFETY RAIL ON AIRCRAFT CONVEYOR;N932AV
O16477-26;20/07/2026 07:43;23/07/2026;O;;;AVA- DISCHARGED FIRE EXTINGUISHER FOUND DURING TURN;N932AV
O16274-26;20/07/2026 07:29;22/07/2026;O;LS;Acceptable (1);AVR- BAGGAGE COMPARTMENT NET UNSECURED;N724AV
O16479-26;20/07/2026 07:20;23/07/2026;O;;;TAI- ELECTRICAL FAILURE ON JET BRIDGE LEVELING ARM;N946AV
O16483-26;20/07/2026 06:50;23/07/2026;O;;;AVA- CARGO NET DIVIDER NOT FULLY SECURED DURING ARRIVAL;N764AV
O16484-26;20/07/2026 06:32;23/07/2026;O;;;AVA- POTENTIAL RUNWAY CROSSING RISK DUE TO INCORRECT PIT CLOSURE;HC-CTX
O16486-26;20/07/2026 05:52;23/07/2026;O;;;AVA- FLIGHT RELEASE WITH BORROWED SIGNATURE DUE TO LEADER SIGNATURE DELAY;N567AV
O16492-26;20/07/2026 04:07;23/07/2026;O;;;AVA- POWER BANK DETECTION DURING HBS BAGGAGE INSPECTION;N664AV
O16494-26;20/07/2026 03:46;23/07/2026;O;;;TNO- MISSING PROTECTIVE DOOR FRAME PADS DURING AFT CARGO UNLOADING;N338QT
O16493-26;20/07/2026 03:46;23/07/2026;O;;;TNO- GROUND EQUIPMENT CHOCKING INCORRECT DIRECTION;N338QT
O16495-26;20/07/2026 03:25;23/07/2026;O;;;TNO- POTENTIAL CARGO LOADER MISALIGNMENT DURING LOADING;N338QT
O16496-26;20/07/2026 03:08;23/07/2026;O;;;TPA- AIRCRAFT MISALIGNMENT DURING PARKING OPERATION;
O16498-26;20/07/2026 02:02;23/07/2026;O;;;AVA- AIRCRAFT FUSELAGE STRIKE DURING PARKING;
O16499-26;20/07/2026 00:50;23/07/2026;O;;;AVA- UNREPORTED BAGGAGE FOUND IN CARGO COMPARTMENT;N945AV
O16511-26;20/07/2026 00:43;23/07/2026;O;;;TNO- CARGO NET KNOT AT FIRST DIAMOND;N338QT
O16512-26;20/07/2026 00:29;23/07/2026;O;;;TNO- CONFUSION DUE TO PALLET TAGS ON RAMP;N338QT
O16524-26;19/07/2026 20:32;23/07/2026;O;;;AVA- SECURITY BARRIER LEFT LOWERED DURING CARGO UNLOADING;N562AV
O17222-26;19/07/2026 20:03;28/07/2026;O;LS;Acceptable (4);AVA- BIRD STRIKE NO DAMAGE AT CUC;N557AV
O16528-26;19/07/2026 17:03;23/07/2026;O;;;AVA- FUEL QUANTITY DISCREPANCY DURING REFUELING;N992AV
O16532-26;19/07/2026 16:23;23/07/2026;O;;;AVA- PAYMOVER LATE ARRIVAL AND NO 360 DEGREE CHECK;N781AV
O16533-26;19/07/2026 15:42;23/07/2026;O;;;AVA- DANGEROUS GOODS DETECTION DURING BAGGAGE SCREENING;HK-5409
O16280-26;19/07/2026 15:23;22/07/2026;O;LS;Acceptable (4);AVA- PUSHBACK INITIATED WITHOUT WING WALKERS;N765AV
O16534-26;19/07/2026 15:06;23/07/2026;O;;;AVA- FUEL LOAD DISCREPANCY DURING REFUELING;HK-5353
O16535-26;19/07/2026 15:00;23/07/2026;O;;;TNO- WOOD CHIPS FOUND IN CARGO COMPARTMENT DURING UNLOADING;N334QT
O16538-26;19/07/2026 14:15;23/07/2026;O;;;AVA- AIRCRAFT PARKED WITHOUT COMPLETE CHOCKS;HK-5361
O16539-26;19/07/2026 14:07;23/07/2026;O;;;AVA- DELAYED FOD CHECK AND NO NOSE CONE PLACEMENT;N765AV
O16541-26;19/07/2026 13:10;23/07/2026;O;;;AVA- SUSPECTED RADIOACTIVE MATERIAL CARGO OVERFLOWN DURING LOADING;N775AV
O16545-26;19/07/2026 12:50;23/07/2026;O;;;GLG- RADIOACTIVE MATERIAL FOUND DURING CARGO UNLOADING;N775AV
O16546-26;19/07/2026 12:46;23/07/2026;P;AO;Acceptable (4);GLG- [DG] OVERFLOWN RADIACTIVE MATERIAL RRY CARGO AT UIO;N775AV
O16547-26;19/07/2026 12:11;23/07/2026;O;;;AVA- FUEL LEAK DUE TO VALVE MALFUNCTION;N944AV
O16550-26;19/07/2026 12:00;23/07/2026;O;;;AVA- POTENTIAL SAFETY HAZARD DURING CATERING GALLEY LOADING;N959AV
O16549-26;19/07/2026 12:00;23/07/2026;O;;;TAI- ELECTRICAL FAILURE AFFECTING JET BRIDGE OPERATION;N632AV
O16553-26;19/07/2026 10:35;23/07/2026;O;;;AVA- FUEL OVERFLOW DUE TO REFUELING PANEL MALFUNCTION;N253AC
O16554-26;19/07/2026 10:33;23/07/2026;O;;;OMA- MISSED RADIOACTIVE MATERIAL OFFLOAD ON RAMP;N775AV
O16556-26;19/07/2026 10:28;23/07/2026;O;;;AVA- BIN HEIGHT BELOW MINIMUM CAUSING CARGO BAY CEILING CONTACT;HK-5273
O16559-26;19/07/2026 09:05;23/07/2026;O;;;AVA- GROUND EQUIPMENT FAILURE DURING CARGO LOADING;N422AV
O16560-26;19/07/2026 08:00;23/07/2026;O;;;TPA- POTENTIAL RESTRICTED PARKING POSITION FOR A332;N332QT
O16564-26;19/07/2026 07:40;23/07/2026;O;;;TAI- JET BRIDGE RECOUPLING DURING FUELING OPERATION;
O16565-26;19/07/2026 07:00;23/07/2026;O;;;TPA- INTERMITTENT LOCATOR FAILURE DURING ILS APPROACH;N332QT
O16567-26;19/07/2026 05:26;23/07/2026;O;;;AVA- FUEL QUANTITY DISCREPANCY AFTER REFUELING;N345AV
O16593-26;19/07/2026 04:50;23/07/2026;O;;;AVA- INCORRECT OR MISSING CONES;N724AV
O16700-26;19/07/2026 04:49;24/07/2026;O;;;AVA- BAGGAGE EXCEEDING DIMENSION LIMITS DURING UNLOADING;N762AV
O16699-26;19/07/2026 04:30;24/07/2026;O;;;AVA- DANGEROUS GROUND VEHICLE OPERATION NEAR AIRCRAFT SAFETY DIAMOND;N955AV
O16698-26;19/07/2026 03:08;24/07/2026;O;;;AVA- FLAMMABLE AEROSOLS SEIZED DURING BAGGAGE X RAY PARKING PHASE;
O16696-26;19/07/2026 00:03;24/07/2026;O;;;AVA- UNREGISTERED BAGGAGE FOUND IN REAR BULK CARGO;N416AV
O16694-26;18/07/2026 23:17;24/07/2026;O;;;TPA- PREMATURE PALLET RESTRAINT REMOVAL DURING LOADING;N332QT
O16595-26;18/07/2026 22:52;23/07/2026;O;;;AVA- DAMAGED SAFETY CONES;N791AV
O16691-26;18/07/2026 21:34;24/07/2026;O;;;AVA- MISSING SAFETY CONES AND WEDGES DURING ENGINE SERVICE;N745AV
O16596-26;18/07/2026 21:34;23/07/2026;O;;;AVA- CONVEYOR REMOVAL WITHOUT GUIDE MAN;
O16683-26;18/07/2026 19:44;24/07/2026;O;;;TPA- LOAD MASTER ABSENT DURING FLIGHT BRIEFING;N335QT
O16682-26;18/07/2026 19:30;24/07/2026;O;;;AVA- LOADSHEET ERROR DUE TO EXCESS FUEL LOADING;HK-5395
O16598-26;18/07/2026 19:16;23/07/2026;O;;;AVA- BAGGAGE COMPARTMENT NET UNSECURED;N536AV
O16680-26;18/07/2026 18:44;24/07/2026;O;LS;Acceptable (4);AVA- BIRD STRIKE NO DAMAGE AT CTG [1720764];N599AV
O16678-26;18/07/2026 17:46;24/07/2026;O;;;AVA- CARGO NET ISSUE IN BIN 1 DURING BAGGAGE LOADING;N950AV
O16677-26;18/07/2026 17:40;24/07/2026;O;;;AVA- CONVEYOR AXLES UNSECURED DURING UNLOADING;HK-5318
O16676-26;18/07/2026 16:40;24/07/2026;O;;;AVA- GROUND EQUIPMENT CLOSE PROXIMITY TO AIRCRAFT FUSELAGE;N481AV
O16675-26;18/07/2026 16:30;24/07/2026;O;;;AVA- AEROSOL DETECTION IN BAGGAGE HANDLING SYSTEM;HK-5360
O16674-26;18/07/2026 15:58;24/07/2026;O;LS;Acceptable (4);AVA- BIRD STRIKE NO DAMAGE AT BOG [1721929];HK-5273
O16687-26;18/07/2026 15:39;24/07/2026;O;LS;Acceptable (4);AVA- BIRD STRIKE NO DAMAGE AT PSO [1724011];HK-5395
O16888-26;18/07/2026 12:04;24/07/2026;O;LS;Acceptable (4);AVA- BIRD STRIKE NO DAMAGE AT PEI;N454AV
O16662-26;18/07/2026 12:00;24/07/2026;O;;;TPA- MISSING PALLET TAG DURING CARGO POSITIONING;N335QT
O16660-26;18/07/2026 12:00;24/07/2026;O;;;AVA- NET BIN SUPPORT POST MISALIGNMENT;
O16658-26;18/07/2026 12:00;24/07/2026;O;;;AVA- GROUND EQUIPMENT OIL LEAK AND MISSING FIRE EXTINGUISHER;N785AV
O16657-26;18/07/2026 12:00;24/07/2026;O;;;AVA- FUEL QUANTITY DISCREPANCY DURING REFUELING;N946AV
O16599-26;18/07/2026 12:00;23/07/2026;O;;;AVA- PASSENGER STAIRS IN BAD CONDITIONS;N764AV
O16656-26;18/07/2026 11:52;24/07/2026;O;;;AVA- DANGEROUS GOODS DETECTION IN BAGGAGE SCREENING;HK-5360
O16655-26;18/07/2026 11:48;24/07/2026;O;;;AVA- DANGEROUS GOODS DETECTED IN BAGGAGE SCREENING;HK-5366
O16653-26;18/07/2026 10:40;24/07/2026;O;;;AVA- GROUND HANDLER NONCOMPLIANCE WITH AIRCRAFT CHECKLIST REQUEST;N411AV
O16887-26;18/07/2026 09:37;24/07/2026;O;LS;Acceptable (4);AVA- BIRD STRIKE NO DAMAGE AT BOG;HK-5319
O16279-26;18/07/2026 07:30;22/07/2026;P;AO;Acceptable (4);TPA- ULD DROPPED FROM DOLLIE DURING RAMP TRANSPORT;N331QT
O16601-26;18/07/2026 06:29;23/07/2026;O;;;AVA- MISSING FOD BAG ON CONVEYOR;N762AV
O16640-26;18/07/2026 04:05;24/07/2026;O;;Acceptable (1);LRC- DAMAGED EXTERNAL AIR CONDITIONING UNIT HOSE FOUND AT RAMP AT SJO;N939AV
O16637-26;18/07/2026 02:02;24/07/2026;O;;;AVA- DANGEROUS GOODS DETECTION DURING BAGGAGE SCREENING;N948AV
O16636-26;18/07/2026 01:34;24/07/2026;O;;;AVA- MISSED OFFLOAD OF BAGGAGE DURING GROUND HANDLING;
O16635-26;18/07/2026 01:32;24/07/2026;O;;;TPA- SMOKE EMISSION FROM CARGOLOADER DURING OPERATION;
O16634-26;18/07/2026 01:32;24/07/2026;O;;;TPA- SMOKE EMISSION FROM CARGO LOADER DURING LOADING;
O16602-26;18/07/2026 01:15;23/07/2026;O;;;TPA- GSE WITHOUT CHOCKS TRACTOR;
O16632-26;18/07/2026 00:10;24/07/2026;O;;;AVA- CARGO FALL FROM AIRCRAFT HOLD DURING UNLOADING;
O16631-26;17/07/2026 23:59;24/07/2026;O;;;TPA- UNSECURED CARGO NET FASTENERS IN ULD;
O16630-26;17/07/2026 23:50;24/07/2026;O;;;TPA- CARGO POSITIONS WITHOUT PALLET TAGS DURING TOWING;
O16629-26;17/07/2026 23:49;24/07/2026;O;;;AVA- POTENTIAL LOW TAIL CLEARANCE DURING PARKING;
O16628-26;17/07/2026 23:35;24/07/2026;O;;;AVA- CONVEYOR BELT CONTACT WHEEL INOPERATIVE BEFORE ARRIVAL;
O16625-26;17/07/2026 22:13;24/07/2026;O;;;TNO- PALLET LABELS NOT VISIBLE FROM RAMP;N338QT
O16886-26;17/07/2026 21:00;24/07/2026;O;LS;Acceptable (4);AVA- BIRD STRIKE NO DAMAGE AT MCO;N742AV
O16812-26;17/07/2026 20:38;24/07/2026;O;;;AVA- MISSING FOD BAG ON RAMP CONVEYOR DURING GROUND HANDLING;N4304
O16620-26;17/07/2026 19:43;24/07/2026;O;;;AVA- OBSTRUCTION OF AIRCRAFT DOOR BY GROUND CARGO DURING DEPLANING;N931AV
O16811-26;17/07/2026 19:25;24/07/2026;O;;;AVA- JET BRIDGE CONTACT WITH AIRCRAFT NO DAMAGE FOUND;N755AV
O16619-26;17/07/2026 19:05;24/07/2026;O;;;AVA- JET BRIDGE CONTACT WITH AIRCRAFT DOOR DURING UNDOCKING;N755AV
O16617-26;17/07/2026 19:00;24/07/2026;O;;;AVA- POTENTIAL GROUND EQUIPMENT BRAKE FAILURE AT JET BRIDGE POSITIONS;N755AV
O16809-26;17/07/2026 17:23;24/07/2026;O;;;AVA- DECEASED LIVE ANIMAL FOUND IN CARGO DURING RECEIVING;
O16807-26;17/07/2026 17:00;24/07/2026;O;;;AVA- CARGO NETS NOT SECURED ON ARRIVAL;N934AG
O16805-26;17/07/2026 16:40;24/07/2026;O;;;AVA- DELAYED RAMP LEADER ARRIVAL AND MISSING AIRCRAFT INSPECTIONS;N557AV
O16804-26;17/07/2026 16:20;24/07/2026;O;;;AVA- BAGGAGE DAMAGE AT GRU;
O16803-26;17/07/2026 15:56;24/07/2026;O;;;AVA- EXCESSIVE FUEL LOADING WITHOUT DISPATCH AUTHORIZATION;N664AV
O16885-26;17/07/2026 15:52;24/07/2026;O;LS;Acceptable (4);AVA- BIRD STRIKE NO DAMAGE AT MDE;N960AV
O16798-26;17/07/2026 13:45;24/07/2026;O;;;AVA- FUELING WITH RAMP CLOSED AND PASSENGERS ONBOARD;HK-5390
O16253-26;17/07/2026 13:24;21/07/2026;O;LS;Acceptable (10);AVA- PAYMOVER OPERATING WITH A REJECTED CHECKLIST AT BOG;N785AV
O16786-26;17/07/2026 12:00;24/07/2026;O;;;AVA- FUEL LOAD DISCREPANCY DURING REFUELING;N765AV
O16775-26;17/07/2026 09:26;24/07/2026;O;;;GLG- CARGO PIECE FALL FROM LOADING BELT;HC-CTX
O16902-26;17/07/2026 09:22;27/07/2026;O;;;TPA- LOAD DISCREPANCY DUE TO CARGO RESTRAINT CONFIGURATION;N342AV
O16774-26;17/07/2026 09:13;24/07/2026;O;;;AVA- INCORRECT CARGO STACKING DURING LOADING;N724AV
O16254-26;17/07/2026 08:21;21/07/2026;O;LS;Acceptable (10);AVA- GROUND STAFF AROUND THE AIRCRAFT BEFORE ENGINE SHUTDOWN AT BOG;N230AC
O16772-26;17/07/2026 08:03;24/07/2026;O;;;AVA- LOADSHEET ERROR RESULTING IN COMAT OVERFLIGHT;N411AV
O16771-26;17/07/2026 08:03;24/07/2026;O;LS;Acceptable (4);AVA- BIRD STRIKE NO DAMAGE AT BOG [1722269];N958AV
O16229-26;16/07/2026 22:50;17/07/2026;O;;Acceptable (4);TNO- LOOSE PIN BETWEEN PALLETS DURING OFFLOAD;N335QT
O16228-26;16/07/2026 21:23;17/07/2026;O;;Acceptable (4);AVA- UNAUTHORIZED CONVEYOR OPERATION DURING RAMP HANDLING;N745AV
O16227-26;16/07/2026 21:16;17/07/2026;O;;Acceptable (2);AVA- UNREGISTERED CARGO BAG IN BULK COMPARTMENT;N750AV
O17223-26;16/07/2026 18:35;28/07/2026;O;LS;Acceptable (4);AVA- BIRD STRIKE NO DAMAGE AT BAQ;N723AV
O16219-26;16/07/2026 16:48;17/07/2026;O;;Acceptable (4);LCR- JET BRIDGE CURTAIN DAMAGE DUE TO WHEELCHAIR OBSTRUCTION;N901AV
O16758-26;16/07/2026 12:19;24/07/2026;O;;Acceptable (4);AVA- FUEL LEAK DURING REFUELING;N647AV
O16211-26;16/07/2026 12:07;17/07/2026;O;;Acceptable (4);TPA- DELAYED MARSHALLER POSITIONING DURING AIRCRAFT PARKING;N335QT
O16206-26;16/07/2026 10:48;17/07/2026;O;LS;Acceptable (4);GLG- BIRD STRIKE NO DAMAGE AT GYE [1721674];HC-CSF
O16205-26;16/07/2026 10:07;17/07/2026;O;LS;Acceptable (4);TAI- AIRCRAFT PUSHBACK WITH JET BRIDGE STILL ATTACHED;N934AG
O15863-26;16/07/2026 09:19;16/07/2026;O;LS;Acceptable (4);TPA- INCORRECT AIRCRAFT POSITIONING DURING PARKING;N335QT
O16196-26;16/07/2026 05:54;17/07/2026;O;;Acceptable (4);AVA- GROUND POWER UNIT OPERATION WITH ACTIVE RESTRICTION;N726AV
O16194-26;16/07/2026 05:02;17/07/2026;O;;Acceptable (4);GLG- BIRD STRIKE ON ENGINE DURING FINAL APPROACH;HC-CSF
O16186-26;16/07/2026 02:04;17/07/2026;O;LS;Acceptable (4);CSB- ULD DROPPED FROM DOLLIE DURING RAMP TRANSPORT;
O16181-26;15/07/2026 23:29;17/07/2026;O;LS;Acceptable (4);AVA- BIRD STRIKE NO DAMAGE AT PEI [1722230];N951AV
O17224-26;15/07/2026 20:43;28/07/2026;O;LS;Acceptable (4);AVR- BIRD STRIKE NO DAMAGE AT BOG;N724AV
O16168-26;15/07/2026 18:00;17/07/2026;P;AO;Tolerable (20);AVA- [DG] LACK NOTIFICATION TO CAPTAIN AT BOG;N562AV
O16163-26;15/07/2026 17:00;17/07/2026;O;;Acceptable (4);TNO- IMPROPERLY PLACED CARGO LOCK DURING AIRCRAFT UNLOADING;N338QT
O16154-26;15/07/2026 15:10;17/07/2026;O;;Acceptable (4);GLG- SIMULTANEOUS BOARDING REFUELING AND CATERING LOADING PRECAUTIONARY;HC-CJV
O16139-26;15/07/2026 12:00;17/07/2026;O;LS;Acceptable (2);GLG- BIRD SIGHTING AT RUNWAY THR AT MEC [1721755];HC-CRU
O16137-26;15/07/2026 11:30;17/07/2026;O;;Acceptable (4);AVA- POTENTIAL PLATFORM DRAINAGE BLOCKAGE AT RAMP AREA;N945AV
O16132-26;15/07/2026 09:10;17/07/2026;O;;Acceptable (4);GLG- BAGGAGE DISCREPANCY DUE TO INCORRECT COMPARTMENT LOADING;HC-CTX
O16883-26;15/07/2026 08:44;24/07/2026;O;LS;Acceptable (4);AVA- BIRD STRIKE NO DAMAGE AT PSO;N206FR
O16882-26;15/07/2026 08:33;24/07/2026;O;LS;Acceptable (4);AVA- BIRD STRIKE NO DAMAGE AT BAQ;HK-5393
O16125-26;15/07/2026 05:10;17/07/2026;O;;Acceptable (4);AVR- ELECTRICAL FAILURE DUE TO GPU LOW FUEL SHUTOFF;N724AV
O16119-26;14/07/2026 23:33;17/07/2026;O;;Acceptable (4);TPA- AIRCRAFT IMPROPERLY PARKED AT GATE;N332QT
O16113-26;14/07/2026 20:38;17/07/2026;O;;Acceptable (1);AVA- MISSED OFFLOAD OF CARGO BLANKETS AFTER FLIGHT;N253AC
O16112-26;14/07/2026 17:55;17/07/2026;O;;Acceptable (4);TPA- POTENTIAL AIRCRAFT STRUCTURE IMPACT DURING LOADING;N342AV
O16090-26;14/07/2026 12:00;17/07/2026;O;;Acceptable (4);TNO- POTENTIAL OPERATIONAL RISK DUE TO UNTRAINED GROUND EQUIPMENT OPERATOR;N331QT
O16085-26;14/07/2026 12:00;17/07/2026;O;;Acceptable (4);TNO- EXPIRED MAIN FIRE EXTINGUISHER ONBOARD;N331QT
O16084-26;14/07/2026 12:00;17/07/2026;O;;Acceptable (4);TPA- PALLET CONTACT WITH MAIN DECK WALL DURING LOADING;N342AV
O16069-26;14/07/2026 10:17;17/07/2026;O;;Acceptable (1);AVA- BAGGAGE DISCREPANCY WITH OPEN COMFORT KIT IN CARGO BAY;N253AC
O16064-26;14/07/2026 09:33;17/07/2026;O;LS;Acceptable (4);TNO- BIRD STRIKE NO DAMAGE AT GDL [1719477];N338QT
O16046-26;14/07/2026 05:40;17/07/2026;O;;;AVA- GASING PROCESS WITH DOOR CLOSED DURING BOARDING;HC-CJW
O16039-26;13/07/2026 23:50;17/07/2026;O;;Acceptable (4);LRC- POTENTIAL CARGO INSTABILITY DURING UNLOADING FOUND AT SJO;N938AV
O16038-26;13/07/2026 23:00;17/07/2026;O;;Acceptable (4);AVA- GROUND HANDLING COMMUNICATION FAILURE CAUSING DEPARTURE DELAY;N931AV
O16026-26;13/07/2026 18:15;17/07/2026;O;;Acceptable (4);AVA- AIRCRAFT TILT DURING REMOTE DISEMBARKATION;HK-5423
O16012-26;13/07/2026 16:15;17/07/2026;O;;Acceptable (4);TAI- GROUND POWER UNIT FAILURES DURING PREBOARDING;N195AV
O16008-26;13/07/2026 16:00;17/07/2026;P;AO;Tolerable (20);AVA- UNAUTHORIZED TOW BAR REMOVAL DURING PUSHBACK;N647AV
O15986-26;13/07/2026 12:00;17/07/2026;O;;Acceptable (4);AVA- PROHIBITED FLAMMABLE LIQUID DETECTION IN CHECKED BAGGAGE;N776AV
O15976-26;13/07/2026 08:18;17/07/2026;O;LS;Acceptable (4);AVA- BIRD STRIKE NO DAMAGE AT PSO [1718490];HK-5424
O15958-26;13/07/2026 01:29;17/07/2026;O;;Acceptable (4);TPA- MANUAL RELEASE OF DOOR LOCKS DURING UNLOADING;N332QT
O15956-26;12/07/2026 23:45;17/07/2026;O;;Acceptable (4);LRC- POTENTIAL LOAD HANDLING RISK DUE TO OVERWEIGHT PALLETS FOUND AT SJO;N930AV
O16880-26;12/07/2026 22:21;24/07/2026;O;LS;Acceptable (4);AVA- BIRD STRIKE NO DAMAGE AT MTR;N557AV
O15939-26;12/07/2026 18:47;17/07/2026;O;LS;Acceptable (4);AVA- BIRD STRIKE NO DAMAGE AT MDE [1716854];N691AV
O15925-26;12/07/2026 15:39;17/07/2026;O;LS;Acceptable (4);AVA- BIRD STRIKE NO DAMAGE AT PSO [1716124];HK-5422
O15915-26;12/07/2026 12:00;17/07/2026;O;;Acceptable (4);AVA- LOAD DISCREPANCY DURING CARGO UNLOADING;N748AV
O15902-26;12/07/2026 08:21;17/07/2026;O;;Acceptable (4);GUG- POSSIBLE GROUND EQUIPMENT IMPACT DURING DOCKING;N538AV
O15840-26;12/07/2026 01:11;16/07/2026;O;;Acceptable (4);TPA- AIRCRAFT MISALIGNED DURING PARKING OPERATION;
O16071-26;11/07/2026 16:46;17/07/2026;O;;Acceptable (4);AVA- GROUND EQUIPMENT IMPACT DURING PUSHBACK POSITIONING;N943AV
O15817-26;11/07/2026 14:45;16/07/2026;O;;Acceptable (4);AVA- LOAD DISCREPANCY DURING COMAT UNLOADING;N963AV
O15804-26;11/07/2026 11:15;16/07/2026;O;;Acceptable (2);AVA- UNAUTHORIZED REFUELING DURING DEBOARDING;N416AV
O16594-26;11/07/2026 06:00;23/07/2026;P;AO;Tolerable (20);GLG- UNAUTHORIZED PUSHBACK AT UIO GLG1690;HC-CJV
O15736-26;11/07/2026 05:49;16/07/2026;O;LS;Acceptable (4);AVA- BIRD STRIKE NO DAMAGE AT MAD [1717162];N782AV
O15784-26;11/07/2026 02:22;16/07/2026;P;AO;Acceptable (4);TAI- EXTERNAL GORUND POWER UNIT FAILURE AT MIA;N862AV
O15782-26;11/07/2026 00:17;16/07/2026;O;;Acceptable (4);TPA- USE OF UNSUITABLE DOLLY FOR CARGO POSITIONING;
O15780-26;10/07/2026 23:32;16/07/2026;O;;Acceptable (4);TPA- CARGO DISPLACEMENT DURING LOADING OPERATIONS;N342AV
O15766-26;10/07/2026 19:08;16/07/2026;O;;Acceptable (4);TNO- LOOSE PIN ON DOLLY DURING AIRCRAFT LOADING;N338QT
O15764-26;10/07/2026 18:48;16/07/2026;O;;Acceptable (4);TNO- MISSING CARGO DOOR PROTECTIVE WHEELS DURING UNLOADING;N338QT
O15759-26;10/07/2026 17:01;16/07/2026;O;;Acceptable (2);TNO- POSSIBLE INCORRECT LOADING OF PALLET IN ULD;N338QT
O15747-26;10/07/2026 14:40;16/07/2026;O;;Acceptable (4);AVA- UNAUTHORIZED REFUELING DURING BOARDING;
O15732-26;10/07/2026 12:40;16/07/2026;O;LS;Acceptable (4);TAI- BIRD STRIKE NO DAMAGE AT CUN [1719883];N686TA
O15733-26;10/07/2026 11:50;16/07/2026;O;;Acceptable (4);AVA- GROUND POWER UNIT FAILURE DURING AIRCRAFT TRANSIT;HK-5425
O16879-26;10/07/2026 09:57;24/07/2026;O;LS;Acceptable (4);AVA- BIRD STRIKE NO DAMAGE AT ADZ;N959AV
O17226-26;09/07/2026 18:52;28/07/2026;O;LS;Acceptable (4);AVA- BIRD STRIKE NO DAMAGE AT CTG;N726AV
O15666-26;09/07/2026 17:51;14/07/2026;P;AO;Acceptable (4);GLG- CARGO LOADED WITHOUT REQUIRED CEILING CLEARANCE;HC-CJW
O15729-26;09/07/2026 16:40;16/07/2026;P;AO;Acceptable (4);TAI- UNSAFE CLEANING PRACTICE CREATING FOD HAZARD;N862AV
O15650-26;09/07/2026 12:53;14/07/2026;P;AO;Acceptable (4);AVA- CARGO LOADED WITHOUT REQUIRED CEILING CLEARANCE;N782AV
O15642-26;09/07/2026 12:04;14/07/2026;O;LS;Acceptable (4);AVA- BIRD STRIKE NO DAMAGE AT BAQ [NO DATA];N557AV
O15643-26;09/07/2026 12:00;14/07/2026;P;AO;Acceptable (4);AVA- GPU FAILURE AFFECTING AIRCRAFT SYSTEMS;N599AV
O15640-26;09/07/2026 12:00;14/07/2026;P;AO;Acceptable (4);GLG- GROUND EQUIPMENT CROSSING BEHIND AIRCRAFT BEFORE DEPARTURE;HC-CJW
O15638-26;09/07/2026 11:20;14/07/2026;P;AO;Tolerable (21);AVA- BEACON DEACTIVATED BEFORE ENGINE SHUTDOWN;HK-5407
O15631-26;09/07/2026 10:13;14/07/2026;P;AO;Acceptable (4);AVA- PUSHBACK INITIATED WITHOUT WING WALKERS;N688TA
O15629-26;09/07/2026 09:16;14/07/2026;P;AO;Acceptable (4);AVA- UNSAFE ACT AND OBSTRUCTION OF OPERATIONAL PROCESSES;N688TA
O16878-26;09/07/2026 07:28;24/07/2026;O;LS;Acceptable (4);AVA- BIRD STRIKE NO DAMAGE AT AXM;N536AV
O15622-26;09/07/2026 05:20;14/07/2026;P;AO;Acceptable (4);AVA- MISCOORDINATION DURING PUSHBACK AND ENGINE START;HK-5353
O15586-26;08/07/2026 12:07;14/07/2026;O;LS;Acceptable (1);TNO- INCORRECT ULD LOCK CONFIGURATION;N335QT
O15564-26;08/07/2026 06:00;14/07/2026;O;LS;Acceptable (1);TPA- LACK OF GROUND EQUIPMEMT AT UIO;N336QT
O15558-26;08/07/2026 05:00;14/07/2026;O;LS;Acceptable (4);PLM- UNAUTHORIZED FUELING DURING PASSENGER DISEMBARKATION;
O16877-26;08/07/2026 04:00;24/07/2026;O;LS;Acceptable (4);AVA- BIRD STRIKE NO DAMAGE AT BOG;N931AV
O15553-26;07/07/2026 23:30;14/07/2026;O;;Acceptable (4);GLG- BIRD STRIKE DURING APPROACH AT GYE;HC-CTX
O15547-26;07/07/2026 22:44;14/07/2026;P;AO;Acceptable (4);LRC- INADEQUATE CONTROL OF LANDING GEAR GROUND SAFETY PIN IN RAMP AT BOG;N967AV
O15546-26;07/07/2026 22:40;14/07/2026;O;;Acceptable (4);AVA- SAFETY DEVICES NOT REMOVED BEFORE DEPARTURE;N964AV
O15545-26;07/07/2026 22:37;14/07/2026;O;LS;Acceptable (4);TPA- ULD DROPPED FROM DOLLIE DURING RAMP TRANSPORT;N342AV
O15542-26;07/07/2026 20:43;14/07/2026;O;AO;Acceptable (2);AVA- MISSING CHOCKS ON LEFT MAIN LANDING GEAR;HK-5421
O15412-26;07/07/2026 05:59;09/07/2026;O;LS;Acceptable (4);TPA- PALLET FALL OUTSIDE SAFETY AREA AT BOG;
O16249-26;06/07/2026 18:00;21/07/2026;P;AO;Tolerable (20);AVA- FIRE TRUCK TAXIWAY INCURSION IN FRONT OF TAXIING AIRCRAFT;N741AV
O16876-26;06/07/2026 15:36;24/07/2026;O;LS;Acceptable (4);AVA- BIRD STRIKE NO DAMAGE AT PEI;N4304
O15436-26;05/07/2026 21:09;09/07/2026;O;;Acceptable (4);AVR- POTENTIAL PASSENGER MANIFEST DISCREPANCY DURING BOARDING;N950AV
O15359-26;05/07/2026 20:03;09/07/2026;O;;Acceptable (4);TPA- GROUND EQUIPMENT FIRE DURING OPERATION;
O16875-26;05/07/2026 19:12;24/07/2026;O;LS;Acceptable (4);AVA- BIRD STRIKE NO DAMAGE AT MTR;N955AV
O15355-26;05/07/2026 14:58;09/07/2026;O;LS;Acceptable (2);GLG- GROUND EQUIPMENT ENCROACHING ON SAFETY AREA DURING AIRCRAFT ARRIVAL AT GYE GLG8389;N940AV
O16874-26;05/07/2026 05:46;24/07/2026;O;LS;Acceptable (4);AVA- BIRD STRIKE NO DAMAGE AT BOG;N951AV
O15288-26;04/07/2026 20:57;08/07/2026;O;;Acceptable (4);TPA- DOLLY LATCH MALFUNCTION;N332QT
O15282-26;04/07/2026 19:47;08/07/2026;O;;Acceptable (4);TPA-INSUFFICIENT CARGO OPERATORS;N332QT
O15212-26;04/07/2026 16:14;07/07/2026;O;;Acceptable (2);GLG- GROUND VEHICLE INTERFERENCE AT UIO GLG7396;N818AV
O15204-26;04/07/2026 14:28;07/07/2026;O;LS;Acceptable (2);TPA- RESTRICTED GPU USED IN AIRCRAFT OPERATION;N330QT
O15202-26;04/07/2026 13:47;07/07/2026;O;LS;Acceptable (1);TPA-UNCOORDINATED CARGO MOVEMENT FROM WAREHOUSE;N330QT
O15879-26;04/07/2026 11:02;17/07/2026;O;;Acceptable (1);TNO- EMPTY BUTTERFLY VALVES OBSERVED DURING MD UNLOADING;N335QT
O15178-26;04/07/2026 07:50;07/07/2026;O;LS;Acceptable (1);TPA- CGO ARRIVING IN POOR CONDITION;N338QT
O15167-26;04/07/2026 04:35;07/07/2026;P;AO;Acceptable (4);AVA- AIRCRAFT PARKING PROCEDURE NONCOMPLIANCE;N794AV
O16873-26;04/07/2026 04:34;24/07/2026;O;LS;Acceptable (4);AVA- BIRD STRIKE NO DAMAGE AT BAQ;HK-5319
O16872-26;03/07/2026 18:34;24/07/2026;O;LS;Acceptable (4);AVA- BIRD STRIKE NO DAMAGE AT MDE;HK-5421
O15041-26;03/07/2026 12:00;03/07/2026;P;AO;Tolerable (20);AVA - LOAD NOT REMOVED;HK-5408
O16871-26;03/07/2026 09:57;24/07/2026;O;LS;Acceptable (4);AVA- BIRD STRIKE NO DAMAGE AT BOG;N741AV
O17227-26;03/07/2026 05:59;28/07/2026;O;LS;Acceptable (4);AVA- BIRD STRIKE NO DAMAGE AT CTG;N562AV
O16890-26;02/07/2026 18:38;24/07/2026;O;LS;Acceptable (4);AVA- BIRD STRIKE NO DAMAGE AT CTG;HK-5319
O15008-26;02/07/2026 16:00;03/07/2026;O;LS;Acceptable (4);AVA- BIRD STRIKE NO DAMAGE AT MTR;N345AV
O15280-26;02/07/2026 08:26;08/07/2026;P;AO;Acceptable (4);AVA- CARGO DISCREPANCY;N745AV
O15275-26;02/07/2026 03:02;08/07/2026;O;;Acceptable (4);TPA-OVERSIZED CARGO PALLET IMPACT;
O14973-26;01/07/2026 21:19;03/07/2026;O;;Acceptable (4);AVA- CATERING CHOCKS NOT USED DURING OPERATION IN RAMP AT CTG;N964AV
O14963-26;01/07/2026 17:30;03/07/2026;P;AO;Tolerable (20);AVA- UNAUTHORIZED DOOR OPENING LIGHTNING;N958AV
O14948-26;01/07/2026 12:55;03/07/2026;P;AO;Tolerable (20);EFY- MISROUTED BAGGAGE DETECTED;